여행나라,여행도시
일본,도쿄
일본,오사카
일본,요코하마
일본,나고야
일본,삿포로
일본,고베
일본,교토
일본,히로시마
일본,센다이
일본,후쿠오카
일본,가와사키
일본,사이타마
일본,기타큐슈
일본,사카이
일본,니가타
일본,시즈오카
일본,하마마츠
일본,오카야마
일본,쿠마모토
일본,카고시마
일본,오미야
일본,우라야스
일본,치바
일본,마쓰야마
일본,구마가야
일본,후쿠시마
일본,나하
일본,아키타
일본,후쿠이
일본,도야마
일본,요나고
일본,요코스카
일본,하치오지
일본,마에바시
일본,와카야마
일본,스즈카
일본,모리오카
일본,가고시마
일본,가시와
일본,마츠모토
일본,오타루
일본,이와쿠니
일본,우쓰노미야
일본,다카마쓰
일본,오이타
일본,가나자와
일본,코리야마
중국,베이징
중국,상하이
중국,광저우
중국,선전
중국,청두
중국,충칭
중국,톈진
중국,시안
중국,우한
중국,항저우
중국,쑤저우
중국,난징
중국,다롄
중국,선양
중국,하얼빈
중국,창사
중국,푸저우
중국,정저우
중국,쿤밍
중국,샤먼
중국,지닝
중국,뤄양
중국,타이위안
중국,허페이
중국,둥관
중국,지난
중국,중산
중국,닝보
중국,원저우
중국,웨이하이
중국,친황다오
중국,단둥
중국,란저우
중국,바오딩
중국,톈수이
중국,린이
중국,옌타이
중국,마카오
중국,장먼
중국,양저우
중국,루저우
중국,구이양
중국,난닝
중국,주하이
중국,허커우
미국,뉴욕
미국,로스앤젤레스
미국,시카고
미국,휴스턴
미국,피닉스
미국,필라델피아
미국,샌안토니오
미국,샌디에이고
미국,댈러스
미국,샌호세
미국,오스틴
미국,잭슨빌
미국,포트워스
미국,콜럼버스
미국,샬럿
미국,샌프란시스코
미국,인디애나폴리스
미국,시애틀
미국,덴버
미국,워싱턴 D.C.
미국,보스턴
미국,엘파소
미국,디트로이트
미국,내슈빌
미국,포틀랜드
미국,멤피스
미국,오클라호마시티
미국,라스베가스
미국,루이빌
미국,볼티모어
미국,밀워키
미국,앨버커키
미국,투손
미국,프레즈노
미국,새크라멘토
미국,캔자스시티
미국,롱비치
미국,애틀랜타
미국,콜로라도스프링스
미국,마이애미
미국,버지니아비치
미국,오마하
미국,오클랜드
미국,미니애폴리스
미국,툴사
미국,아널드
미국,탬파
미국,올랜도
미국,뉴올리언스
미국,클리블랜드
프랑스,파리
프랑스,마르세유
프랑스,리옹
프랑스,툴루즈
프랑스,니스
프랑스,낭트
프랑스,스트라스부르
프랑스,몽펠리에
프랑스,보르도
프랑스,랭스
프랑스,생테티엔
프랑스,툴롱
프랑스,르아브르
프랑스,그르노블
프랑스,디종
프랑스,앙제
프랑스,빌르방
프랑스,클레르몽페랑
프랑스,생드니
프랑스,르망
프랑스,엑상프로방스
프랑스,브레스트
프랑스,투르
프랑스,아미앵
프랑스,페르피냥
프랑스,메스
프랑스,베르사유
프랑스,브장송
프랑스,오를레앙
프랑스,몰로스
프랑스,몽트뢰유
프랑스,루앙
프랑스,샹피니쉬르마른
프랑스,포아티에
프랑스,아브롱
프랑스,아작시오
프랑스,세테
프랑스,아를
프랑스,카엔
프랑스,부르고앵자이외
프랑스,칼레
프랑스,샤를빌메지에르
프랑스,발랑시엔
프랑스,비스크르
프랑스,알비
프랑스,에피날
영국,런던
영국,버밍엄
영국,맨체스터
영국,리버풀
영국,뉴캐슬어폰타인
영국,셰필드
영국,브리스톨
영국,글래스고
영국,에든버러
영국,카디프
영국,벨파스트
영국,브래드포드
영국,코벤트리
영국,노팅엄
영국,킹스턴어폰헐
영국,플리머스
영국,스토크온트렌트
영국,울버햄프턴
영국,스완지
영국,레딩
영국,사우샘프턴
영국,포츠머스
영국,요크
영국,미들즈브러
영국,노리치
영국,캠브리지
영국,옥스퍼드
영국,애버딘
영국,던디
영국,밀턴케인스
영국,러프버러
영국,하이위컴
영국,루턴
영국,첼름스퍼드
영국,배스
영국,스터링
영국,인버네스
영국,월솔
영국,프레스턴
영국,허더즈필드
영국,로열턴브리지웰스
영국,스토크
영국,크롤리
영국,워릭
영국,길퍼드
영국,체스터
영국,워싱턴
독일,베를린
독일,함부르크
독일,뮌헨
독일,쾰른
독일,프랑크푸르트
독일,슈투트가르트
독일,뒤셀도르프
독일,도르트문트
독일,에센
독일,라이프치히
독일,브레멘
독일,드레스덴
독일,하노버
독일,뉘른베르크
독일,뒤스부르크
독일,보훔
독일,부퍼탈
독일,비스바덴
독일,빌레펠트
독일,만하임
독일,카를스루에
독일,아우크스부르크
독일,부르크
독일,브라운슈바이크
독일,게르젠키르헨
독일,아헨
독일,뮐하임
독일,마인츠
독일,마그데부르크
독일,프라이부르크
독일,카셀
독일,하겐
독일,하일브론
독일,키엘
독일,에르푸르트
독일,뤼베크
독일,레버쿠젠
독일,오스나브뤼크
독일,올덴부르크
독일,레겐스부르크
독일,포츠담
독일,필더슈타트
독일,브레머하펜
독일,볼프스부르크
독일,로스토크
독일,울름
독일,코블렌츠
독일,코트부스
독일,쾨니히스빈터
이탈리아,로마
이탈리아,밀라노
이탈리아,나폴리
이탈리아,토리노
이탈리아,팔레르모
이탈리아,제노아
이탈리아,볼로냐
이탈리아,피렌체
이탈리아,바리
이탈리아,카타니아
이탈리아,베네치아
이탈리아,베로나
이탈리아,메시나
이탈리아,파도바
이탈리아,트리에스테
이탈리아,브레시아
이탈리아,타란토
이탈리아,프라토
이탈리아,파르마
이탈리아,모데나
이탈리아,레조디칼라브리아
이탈리아,레조넬에밀리아
이탈리아,페라라
이탈리아,리보르노
이탈리아,리미니
이탈리아,포르리
이탈리아,라퀼라
이탈리아,라스페치아
이탈리아,몬차
이탈리아,페사로
이탈리아,라벤나
이탈리아,치비타베키아
이탈리아,치에티
이탈리아,노바라
이탈리아,피아첸차
이탈리아,루카
이탈리아,베네벤토
이탈리아,카셀라
이탈리아,안코나
이탈리아,아벨리노
이탈리아,바롤로
이탈리아,아스티
이탈리아,아레초
이탈리아,코센차
이탈리아,아그리젠토
이탈리아,비첸차
이탈리아,우디네
스페인,마드리드
스페인,바르셀로나
스페인,발렌시아
스페인,세비야
스페인,사라고사
스페인,말라가
스페인,무르시아
스페인,팔마
스페인,라스팔마스
스페인,빌바오
스페인,알리칸테
스페인,코르도바
스페인,바야돌리드
스페인,비고
스페인,히혼
스페인,엘체
스페인,라코루냐
스페인,오비에도
스페인,산타크루스데테네리페
스페인,바다호스
스페인,카르타헤나
스페인,헤레스데라프론테라
스페인,사바델
스페인,마르베야
스페인,알메리아
스페인,산세바스티안
스페인,카디스
스페인,알카라데에나레스
스페인,알코르콘
스페인,토레도
스페인,살라망카
스페인,우에스카
스페인,타라고나
스페인,과달라하라
스페인,폰페라다
스페인,에이바르
스페인,메리다
스페인,시우다드레알
스페인,로르카
스페인,타라사
스페인,레이다
스페인,카스테욘
스페인,그라나다
스페인,팜플로나
스페인,산탄데르
스페인,호스피탈레트데류브레가트
스페인,토레비에하
캐나다,토론토
캐나다,몬트리올
캐나다,밴쿠버
캐나다,캘거리
캐나다,에드먼턴
캐나다,오타와
캐나다,위니펙
캐나다,퀘벡시티
캐나다,해밀턴
캐나다,키치너
캐나다,빅토리아
캐나다,핼리팩스
캐나다,오샤와
캐나다,위니페그
캐나다,새스커툰
캐나다,레지나
캐나다,세인트존스
캐나다,셔브루크
캐나다,켈로나
캐나다,애버츠포드
캐나다,킹스턴
캐나다,윈저
캐나다,가티노
캐나다,새인트캐서린스
캐나다,세인트존
캐나다,포트맥머리
캐나다,화이트호스
캐나다,옐로나이프
캐나다,몬크턴
캐나다,로이드민스터
캐나다,프레더릭턴
캐나다,프린스조지
캐나다,피터버러
캐나다,나나이모
캐나다,토론토섬
캐나다,레드디어
캐나다,브랜든
캐나다,캠루프스
캐나다,피크링
캐나다,르듀크
캐나다,새먼암
캐나다,벨빌
캐나다,콜드레이크
캐나다,캐롤턴
캐나다,밀턴
태국,방콕
태국,치앙마이
태국,푸켓
태국,빠따야
태국,치앙라이
태국,코사무이
태국,끄라비
태국,후아힌
태국,코팡안
태국,코란타
태국,아유타야
태국,나콘라차시마
태국,콘깬
태국,우돈타니
태국,수랏타니
태국,뜨랑
태국,피사눌록
태국,핫야이
태국,라마이
태국,송클라
태국,나콘시탐마랏
태국,람푼
태국,마하사라캄
태국,부리람
태국,사콘나콘
태국,나콘파놈
태국,라용
태국,논타부리
태국,파타니
태국,야소톤
태국,로이엣
태국,람팡
태국,수코타이
태국,펫차부리
태국,칫타공
태국,로프부리
태국,사무트쁘라칸
태국,프라추압키리칸
태국,쁘라찐부리
태국,파야오
태국,우타라딧
태국,쁘라엉
태국,싸까에오
태국,파타룸타니
태국,앙통
태국,깜팽펫
태국,라차부리
태국,나콘사완
베트남,하노이
베트남,호치민시
베트남,다낭
베트남,하이퐁
베트남,껀터
베트남,부온마투옷
베트남,껀토
베트남,꾸이년
베트남,푸꾸옥
베트남,람동
베트남,껀롱
베트남,까마우
베트남,하띤
베트남,박리에우
베트남,라오까이
베트남,빈푹
베트남,엔안
베트남,타이응우옌
베트남,타인호아
베트남,빈딘
베트남,꽝남
베트남,꽝빈
베트남,꽝응아이
베트남,빈투언
베트남,껀호아
베트남,짜빈
베트남,하이즈엉
베트남,흥옌
베트남,푸옌
베트남,박리우
베트남,트어티엔후에
베트남,박장성
베트남,박장시
베트남,꽝찌
베트남,빈롱
베트남,따이닌
베트남,기엔장
베트남,호아빈
베트남,떤안
베트남,호앙사
베트남,쑤언안
베트남,빈미엔
말레이시아,쿠알라룸푸르
말레이시아,조호르바루
말레이시아,조지타운
말레이시아,코타키나발루
말레이시아,쿠칭
말레이시아,샤알람
말레이시아,페탈링자야
말레이시아,말라카
말레이시아,알로르스타
말레이시아,세렘반
말레이시아,쿠안탄
말레이시아,바투파하트
말레이시아,타이핑
말레이시아,무아르
말레이시아,수방자야
말레이시아,클랑
말레이시아,코타바루
말레이시아,산다칸
말레이시아,타와우
말레이시아,부킷메르타잠
말레이시아,파항
말레이시아,라부안
말레이시아,포트딕슨
말레이시아,푸트라자야
말레이시아,시타완
말레이시아,켐만
말레이시아,박칼란
말레이시아,포트클랑
말레이시아,멘탈링자야
말레이시아,셀랑고르
말레이시아,카장
말레이시아,암팡자야
말레이시아,사이벌자야
말레이시아,바롱
말레이시아,쿨라
말레이시아,루크
말레이시아,베나
말레이시아,카방
말레이시아,포틀럭
말레이시아,고타
말레이시아,젠타
말레이시아,탄중말림
말레이시아,페낭
말레이시아,라왕
필리핀,마닐라
필리핀,케손시티
필리핀,세부시티
필리핀,다바오시티
필리핀,칼람바
필리핀,안티폴로
필리핀,타귁
필리핀,파사이
필리핀,마카티
필리핀,마리키나
필리핀,파라냐케
필리핀,라스피냐스
필리핀,만달루용
필리핀,발렌수엘라
필리핀,몰롤로스
필리핀,산페르난도
필리핀,이로일로시티
필리핀,바기오
필리핀,바콜로드
필리핀,카가얀데오로
필리핀,일로일로
필리핀,산타로사
필리핀,앙겔레스
필리핀,제너럴산토스
필리핀,라푸라푸
필리핀,일리간
필리핀,산파블로
필리핀,오르목
필리핀,투게가라오
필리핀,바탕가스시티
필리핀,바탕가스
필리핀,코타바토
필리핀,타를락
필리핀,로하스
필리핀,카방칼란
필리핀,루세나
필리핀,도마스
필리핀,라오아그
필리핀,코타바토시티
필리핀,산페르난도라유니온
필리핀,산페르난도파파팡가
필리핀,바이스리
필리핀,키다파완
필리핀,산후안
필리핀,토로스
필리핀,발레르
필리핀,산호세델몬테
필리핀,팔라얀
대만,타이베이
대만,신베이
대만,타오위안
대만,타이중
대만,타이난
대만,가오슝
대만,기륭
대만,신주
대만,윈린
대만,먀오리
대만,난터우
대만,푸리
대만,지룽
대만,화롄
대만,타이둥
대만,펑후
대만,진먼
대만,롄장
대만,루강
대만,신주시
대만,신주현
대만,장화현
대만,윈린현
대만,자이시
대만,자이현
대만,핑둥
대만,핑둥현
대만,난터우현
대만,화롄현
대만,타이둥현
대만,둥강
대만,루오동
대만,관산
대만,뤄둥
대만,지아이
대만,주난
대만,토우펀
대만,단수이
대만,베이터우
대만,중리
대만,싼충
대만,룽탄
대만,뤼강
대만,주베이
대만,싼이
대만,어롱
대만,싼샤
몽골,울란바토르
몽골,에르데네트
몽골,다르항
몽골,초이발산
몽골,무롱
몽골,울기이
몽골,알타이
몽골,아르바이헤르
몽골,달란자르갈란
몽골,조론트
몽골,바가노르
몽골,자브항
몽골,바얀홍고르
몽골,바얀올기이
몽골,헙드
몽골,튀브
몽골,바양호슈
몽골,바가항가이
몽골,발항
몽골,셍게
몽골,술데
몽골,쇼빈
몽골,아이막
몽골,호브드
몽골,호브스골
몽골,도르노고비
몽골,고비숨베르
몽골,다르항올
몽골,동고비
몽골,동부르
몽골,셍게르
몽골,헨티
몽골,중고비
몽골,수흐바타르
몽골,자브항솜
몽골,달란자드가드
몽골,오브르항가이
몽골,자브항아이막
몽골,아르항가이
몽골,볼간
몽골,오르홍
몽골,고비알타이
몽골,바가누르
몽골,소험보
몽골,하라호롬
몽골,타반톨고이
몽골,바트솜
몽골,촐로트
네팔,카트만두
네팔,포카라
네팔,랄릿푸르
네팔,버크타푸르
네팔,비라트나가르
네팔,비라간지
네팔,헤타우다
네팔,담풀
네팔,바네파
네팔,이타하리
네팔,장지
네팔,버투왈
네팔,바이래와
네팔,도당
네팔,니왈
네팔,다란
네팔,디락
네팔,가이하트
네팔,벨히야
네팔,다당
네팔,마누하리
네팔,감수르
네팔,찰리코트
네팔,뉴아코트
네팔,팔파
네팔,굴미
네팔,루판데히
네팔,다르켈리
네팔,다데일드후라
네팔,바사르
네팔,사페이
네팔,수룩헤트
네팔,피로트나
네팔,바르디바스
네팔,트리부반나가르
네팔,라메창
네팔,싱글리
네팔,시라하
네팔,다르추라
네팔,루크라
네팔,테라이
네팔,바르타푸르
네팔,라마푸르
네팔,다두르
네팔,보카라
네팔,마히타리
네팔,모랑
네팔,키란
네팔,가다카이
포르투갈,리스본
포르투갈,포르투
포르투갈,코임브라
포르투갈,브라가
포르투갈,아베이루
포르투갈,기마랑이스
포르투갈,에보라
포르투갈,파루
포르투갈,피게이라다포스
포르투갈,마투지뉴스
포르투갈,세투발
포르투갈,카스카이스
포르투갈,케이루스
포르투갈,비제우
포르투갈,빌라노바드가이아
포르투갈,신트라
포르투갈,알마다
포르투갈,베자
포르투갈,비아도콘데
포르투갈,포르탈레그레
포르투갈,에스피뉴
포르투갈,마데이라
포르투갈,폰샬
포르투갈,오디벨라스
포르투갈,로우레
포르투갈,오이란
포르투갈,폰타델가다
포르투갈,카르카벨로스
포르투갈,타비라
포르투갈,라구스
포르투갈,칼다스다라이냐
포르투갈,톰마르
포르투갈,마르코데카나베세스
포르투갈,바르셀루스
포르투갈,론드라
포르투갈,바르게이라
포르투갈,팔마라
포르투갈,엘바스
포르투갈,아마도라
포르투갈,세이샬
포르투갈,페나피엘
포르투갈,마프라
포르투갈,파소스데페레이라
포르투갈,샤베스
포르투갈,올량
포르투갈,카마라데로보
포르투갈,알부페이라
그리스,아테네
그리스,테살로니키
그리스,파트라스
그리스,이라클리오
그리스,라리사
그리스,볼로스
그리스,이오아니나
그리스,트리칼라
그리스,하니아
그리스,카발라
그리스,칼라마타
그리스,코르푸
그리스,로도스
그리스,코모티니
그리스,세레스
그리스,카르디차
그리스,베리아
그리스,아그리니오
그리스,카테리니
그리스,아르타
그리스,레스보스
그리스,코자니
그리스,피레아스
그리스,플로리나
그리스,라미아
그리스,드라마
그리스,스파르타
그리스,메갈로폴리
그리스,카스토리아
그리스,킬키스
그리스,피르고스
그리스,알렉산드루폴리
그리스,코르딜라
그리스,자킨토스
그리스,레프카다
그리스,이타카
그리스,칼키스
그리스,마라톤
그리스,메소롱기
그리스,폴리치니
그리스,로도피
그리스,프로티
그리스,사모스
그리스,나플리오
그리스,오레스티아다
그리스,파르가
그리스,페라
그리스,로도스섬
스위스,취리히
스위스,제네바
스위스,바젤
스위스,베른
스위스,로잔
스위스,빈터투어
스위스,루체른
스위스,생갈렌
스위스,루가노
스위스,비엘
스위스,투르가우
스위스,티치노
스위스,투린겐
스위스,샤프하우젠
스위스,슈비츠
스위스,프리부르
스위스,솔로투른
스위스,노이엔부르크
스위스,우스터
스위스,브루크
스위스,크리엔스
스위스,티펜브루넨
스위스,렌츠부르크
스위스,아라우
스위스,시옹
스위스,비터스빌
스위스,바덴
스위스,레겐스도르프
스위스,에멘
스위스,올텐
스위스,슈투르
스위스,슈바이츠
스위스,투네
스위스,슈바넨
스위스,라쇼드퐁
스위스,이베르동
스위스,브크스
스위스,글라루스
스위스,로잔느
스위스,샤텔생드니
스위스,쥐라
스위스,크로이첸링겐
스위스,스튜사흐
스위스,아펜첼
스위스,크리에스
스위스,베크스
싱가포르,센트럴
싱가포르,부킷티마
싱가포르,오차드
싱가포르,마리나베이
싱가포르,차이나타운
싱가포르,리틀인디아
싱가포르,부킷바톡
싱가포르,부킷메라
싱가포르,부킷판장
싱가포르,칼랑
싱가포르,토아파요
싱가포르,탕린
싱가포르,노벨나
싱가포르,게일랑
싱가포르,로칭
싱가포르,탄종파가
싱가포르,주롱이스트
싱가포르,주롱웨스트
싱가포르,크멘티
싱가포르,추아추강
싱가포르,파시르리스
싱가포르,탐피니스
싱가포르,호우강
싱가포르,세랑군
싱가포르,앙모키오
싱가포르,비샨
싱가포르,우드랜즈
싱가포르,센가캉
싱가포르,유추강
싱가포르,포동파시르
싱가포르,이슌
싱가포르,시미
싱가포르,도버
싱가포르,퀸스타운
싱가포르,베독
싱가포르,마린파레이드
싱가포르,부나비스타
싱가포르,서던리지스
싱가포르,이스턴
싱가포르,파이오니어
싱가포르,펑골
싱가포르,셀레타
싱가포르,알주니드
싱가포르,바이야르르바루
싱가포르,레드힐
싱가포르,탐핀스노스
싱가포르,신가포르리버
싱가포르,오뜨람
싱가포르,신가포르치프터운
인도네시아,자카르타
인도네시아,수라바야
인도네시아,반둥
인도네시아,메단
인도네시아,베카시
인도네시아,덴파사르
인도네시아,탕에랑
인도네시아,팔렘방
인도네시아,마카사르
인도네시아,바타미
인도네시아,보고르
인도네시아,파당
인도네시아,삼린다
인도네시아,슬라탄
인도네시아,마나도
인도네시아,발릭파판
인도네시아,수카부미
인도네시아,야카르타팀
인도네시아,테르나테
인도네시아,브카시
인도네시아,시마랑
인도네시아,페칸바루
인도네시아,반자르마신
인도네시아,폰티아낙
인도네시아,자얍라
인도네시아,쿠팡
인도네시아,마타람
인도네시아,암본
인도네시아,참페
인도네시아,비툰
인도네시아,소로카르타
인도네시아,자얀타라
인도네시아,제파라
인도네시아,보노
인도네시아,포로볼링고
인도네시아,란타르
인도네시아,카리왕
인도네시아,툴룽아궁
인도네시아,마겔랑
인도네시아,만도로
인도네시아,바뉴왕이
인도네시아,란퐁
인도네시아,탄중피낭
인도네시아,바투
인도네시아,카리망
인도네시아,프로볼링고
인도네시아,시트레본
인도네시아,마루스
튀르키예,이스탄불
튀르키예,앙카라
튀르키예,이즈미르
튀르키예,부르사
튀르키예,안탈리아
튀르키예,아다나
튀르키예,가지안테프
튀르키예,코냐
튀르키예,카이세리
튀르키예,메르신
튀르키예,에스키셰히르
튀르키예,디야르바크르
튀르키예,삼순
튀르키예,데니즐리
튀르키예,샨르우르파
튀르키예,말라티아
튀르키예,카흐라만마라슈
튀르키예,에르주룸
튀르키예,엘라지
튀르키예,사카리야
튀르키예,트라브존
튀르키예,발리케시르
튀르키예,마르딘
튀르키예,오르두
튀르키예,카르스
튀르키예,아피온카라히사르
튀르키예,우샤크
튀르키예,비틀리스
튀르키예,아다파자르
튀르키예,네브셰히르
튀르키예,쉬르나크
튀르키예,카라만
튀르키예,아르다한
튀르키예,바트만
튀르키예,아그리
튀르키예,이체리시헤르
튀르키예,귰류크
튀르키예,에디르네
튀르키예,무글라
튀르키예,아마시아
튀르키예,니데
튀르키예,토카트
튀르키예,예니샤히르
튀르키예,듀즈제
튀르키예,예니마할레
튀르키예,질레
튀르키예,아크사라이
튀르키예,킬리스
튀르키예,바르틴
인도,뭄바이
인도,델리
인도,벵갈루루
인도,하이데라바드
인도,아메다바드
인도,첸나이
인도,콜카타
인도,수라트
인도,푸네
인도,자이푸르
인도,러크나우
인도,칸푸르
인도,나그푸르
인도,인도르
인도,보팔
인도,비사카파트남
인도,파트나
인도,부바네스와르
인도,루디아나
인도,아그라
인도,바도다라
인도,마두라이
인도,바랑가르
인도,나시크
인도,메루트
인도,파리드바드
인도,라지코트
인도,샤타르푸르
인도,스리나가르
인도,다바드
인도,구르가온
인도,암리차르
인도,자발푸르
인도,자운푸르
인도,코임바토르
인도,고르크푸르
인도,구왈리오르
인도,비자야와다
인도,벨가움
인도,비카네르
인도,알라하바드
인도,잠셰드푸르
인도,울하스나가르
인도,말라다
인도,실리구리
인도,탐바람
스리랑카,콜롬보
스리랑카,캔디
스리랑카,갈레
스리랑카,자프나
스리랑카,니곰보
스리랑카,라트나푸라
스리랑카,트린코말리
스리랑카,마하누와라
스리랑카,바두라
스리랑카,아누라다푸라
스리랑카,치라니카
스리랑카,마타라
스리랑카,쿠루네갈라
스리랑카,바티칼로아
스리랑카,킬리노치
스리랑카,함반토타
스리랑카,푸타람
스리랑카,비야니카
스리랑카,폴론나루와
스리랑카,암파라
스리랑카,칼루타라
스리랑카,엘라
스리랑카,웰라사라
스리랑카,단불라
스리랑카,웰라와야
스리랑카,아쿨라나
스리랑카,만나라
스리랑카,하푸탈레
스리랑카,알루타가마
스리랑카,모네라갈라
스리랑카,나왈라피티야
스리랑카,바라칼로아
스리랑카,마하라가마
스리랑카,타빌라마나
스리랑카,켈라니야
스리랑카,다감파
스리랑카,카투나야케
스리랑카,간가가마
스리랑카,아빈가무아
스리랑카,마운트라비니아
스리랑카,웰리마다
스리랑카,키리반다라
스리랑카,카라피타
스리랑카,카라니카
스리랑카,파나두라
스리랑카,왓타라
스리랑카,갈레포트
스리랑카,나타나가마
오스트리아,그라츠
오스트리아,린츠
오스트리아,잘츠부르크
오스트리아,인스브루크
오스트리아,클라겐푸르트
오스트리아,필라흐
오스트리아,웨너
오스트리아,장트푈텐
오스트리아,도른비른
오스트리아,브레겐츠
오스트리아,로이텐
오스트리아,볼프스베르크
오스트리아,슈타이어
오스트리아,펠트키르헨
오스트리아,크레무스안데어도나우
오스트리아,피싱
오스트리아,블루덴츠
오스트리아,암스트텐
오스트리아,쿠프슈타인
오스트리아,안스펠덴
오스트리아,트라운
오스트리아,하렌도르프
오스트리아,마우터
오스트리아,크로이츠슈타인
오스트리아,라벤스부르크
오스트리아,라르
오스트리아,가문덴
오스트리아,퓔스라우
오스트리아,브루크안데어라이타
오스트리아,로이벤
오스트리아,첼암제
오스트리아,슈바츠
오스트리아,로이터스
오스트리아,퓔커마르크트
오스트리아,하트베르크
오스트리아,그문덴
오스트리아,산트요한임퐁가우
오스트리아,크래머스
오스트리아,브루크무르
오스트리아,자르
오스트리아,슈타들라우
오스트리아,슈타이어마르크
오스트리아,아이젠슈타트
오스트리아,그라이스키르헨
오스트리아,트라우
오스트리아,칼스도르프
오스트리아,안델스부흐
핀란드,헬싱키
핀란드,에스포
핀란드,탐페레
핀란드,오울루
핀란드,투르쿠
핀란드,라흐티
핀란드,쿠오피오
핀란드,유바스큘라
핀란드,포리
핀란드,코콜라
핀란드,로바니에미
핀란드,로호라
핀란드,코우볼라
핀란드,케미
핀란드,요엔수
핀란드,살로
핀란드,미켈리
핀란드,로이마
핀란드,하메린나
핀란드,이마트라
핀란드,라펜란타
핀란드,세이나요키
핀란드,하미나
핀란드,바르카우스
핀란드,카야니
핀란드,칼레발라
핀란드,누르메스
핀란드,칼라요키
핀란드,오리마티라
핀란드,얘르벤파
핀란드,니보
핀란드,코르소
핀란드,피에타르사리
핀란드,시포오
핀란드,케라바
핀란드,킬피슬라미
핀란드,얌사
핀란드,빌라맨사
핀란드,발케아코스키
핀란드,로이히카리
핀란드,하우키프타
핀란드,칼라야르비
핀란드,노르마르쿠
핀란드,루오토
핀란드,인카라일라
핀란드,쿨타라
핀란드,파르가스
핀란드,요케이넨
네덜란드,암스테르담
네덜란드,로테르담
네덜란드,헤이그
네덜란드,위트레흐트
네덜란드,아인트호벤
네덜란드,틸뷔르흐
네덜란드,흐로닝언
네덜란드,알메러
네덜란드,브레다
네덜란드,나이메헌
네덜란드,엔스헤데
네덜란드,아펠도른
네덜란드,하를럼
네덜란드,즈볼러
네덜란드,덴보스
네덜란드,아른험
네덜란드,아머스포르트
네덜란드,마스트리흐트
네덜란드,레일라르덴
네덜란드,도르드레흐트
네덜란드,레이덴
네덜란드,즈위버르헨
네덜란드,알크마르
네덜란드,호른
네덜란드,헬몬트
네덜란드,훼이넨달
네덜란드,헤이르후고바르트
네덜란드,루르몬트
네덜란드,베이르트
네덜란드,스헤르토헨보스
네덜란드,로스말렌
네덜란드,에먼
네덜란드,스파이켄니서
네덜란드,펄레
네덜란드,펄메렌드
네덜란드,하를럼메르메이르
네덜란드,오스
네덜란드,베르헌오프좀
네덜란드,비넨달
네덜란드,우덴
네덜란드,비넨
네덜란드,카펠레인아인덴이셀
네덜란드,아우데바터
네덜란드,레크산트
네덜란드,자이스트
네덜란드,발리크
네덜란드,티엘
네덜란드,하우타인
네덜란드,누네
네덜란드,피안헨
노르웨이,오슬로
노르웨이,베르겐
노르웨이,트론헤임
노르웨이,스타방에르
노르웨이,프레드릭스타
노르웨이,드람멘
노르웨이,크리스티안산
노르웨이,샌네스
노르웨이,트롬쇠
노르웨이,아렌달
노르웨이,하마르
노르웨이,할덴
노르웨이,리고
노르웨이,포르스그룬
노르웨이,스키엔
노르웨이,예비크
노르웨이,호네포스
노르웨이,예스하임
노르웨이,엘베룸
노르웨이,라이르비크
노르웨이,크롱에르
노르웨이,나르빅
노르웨이,오렌달
노르웨이,리레스트롬
노르웨이,스테인헤르
노르웨이,렌네스
노르웨이,피엘라
노르웨이,플로
노르웨이,모이라나
노르웨이,킬데베르그
노르웨이,리스하임
노르웨이,홀메스트란
노르웨이,브뤼네
노르웨이,닐스트룀
노르웨이,트로스빅
노르웨이,피엘트마르크
노르웨이,피엘트스타
노르웨이,프레스트
노르웨이,브륀노이순드
노르웨이,피오르드
노르웨이,콜보텐
노르웨이,플로리오
노르웨이,바케로이
노르웨이,우타
노르웨이,란드비크
노르웨이,에이두스
노르웨이,피엘트포르스
덴마크,코펜하겐
덴마크,오르후스
덴마크,오덴세
덴마크,올보르
덴마크,에스비에르
덴마크,란데르스
덴마크,콜딩
덴마크,호르센스
덴마크,비보르
덴마크,로스킬레
덴마크,헤르닝
덴마크,실케보르
덴마크,나이스트베드
덴마크,프레데릭스하운
덴마크,스벤보르
덴마크,홀스테브로
덴마크,하딩
덴마크,니보르
덴마크,헤르레브
덴마크,쇠보르
덴마크,나스트베드
덴마크,슬라고르
덴마크,프레데릭스베르
덴마크,피엘러
덴마크,바일레
덴마크,토스트루프
덴마크,하데르슬레브
덴마크,소뵈르
덴마크,힐레뢰드
덴마크,넥쇠
덴마크,스케브
덴마크,타스트럽
덴마크,뢰드비
덴마크,그레브
덴마크,히빙
덴마크,프레데릭순
덴마크,브뢴비
덴마크,로스킬데
덴마크,토어스하운
덴마크,르비
덴마크,피온
덴마크,마리보
덴마크,알보르
덴마크,미델파르트
덴마크,비보르크
덴마크,파더보르크
덴마크,스킬스키
덴마크,엘신노어
덴마크,홋슈스
스웨덴,스톡홀름
스웨덴,예테보리
스웨덴,말뫼
스웨덴,웁살라
스웨덴,벡셰
스웨덴,외레브로
스웨덴,린셰핑
스웨덴,헬싱보리
스웨덴,예블레
스웨덴,예테보리서부
스웨덴,칼마르
스웨덴,할름스타드
스웨덴,보로스
스웨덴,베스테로스
스웨덴,우메오
스웨덴,순드스발
스웨덴,에스킬스투나
스웨덴,카를스타드
스웨덴,노르셰핑
스웨덴,팔룬
스웨덴,루레오
스웨덴,트롤하탄
스웨덴,외스터순드
스웨덴,스코브데
스웨덴,크리스티안스타드
스웨덴,난데르
스웨덴,칼스크로나
스웨덴,예르플라
스웨덴,에레브루
스웨덴,비크스요
스웨덴,호딩게
스웨덴,크로노베리
스웨덴,에데보
스웨덴,살라
스웨덴,티보
스웨덴,코포라
스웨덴,모타라
스웨덴,마리에스타드
스웨덴,앙홀트
스웨덴,소데르텔리에
스웨덴,비스뷔
스웨덴,칼릭스
스웨덴,우디발라
스웨덴,스타프손
스웨덴,알링스
스웨덴,티에르프
스웨덴,마리에프레드
스웨덴,보덴
스웨덴,슬리테
스웨덴,브롬마
벨기에,브뤼셀
벨기에,앤트워프
벨기에,겐트
벨기에,브뤼헤
벨기에,리에주
벨기에,나무르
벨기에,루벤
벨기에,메헬렌
벨기에,샤를루아
벨기에,하셀트
벨기에,코르트레이크
벨기에,신트닉라스
벨기에,아알스트
벨기에,로커렌
벨기에,오스텐더
벨기에,위클레
벨기에,뷔렌
벨기에,모르탈
벨기에,도른
벨기에,브라스차트
벨기에,리르
벨기에,발케나르
벨기에,앤더레흐트
벨기에,루아르
벨기에,안데르레흐트
벨기에,디스
벨기에,로슈포르
벨기에,비르통
벨기에,오데나르데
벨기에,헤이스덴
벨기에,스킬데
벨기에,유페
벨기에,루비오
벨기에,루엉
벨기에,베베르
벨기에,라루빌
벨기에,푸아스
벨기에,베링겐
벨기에,보크리크
벨기에,그림베르겐
벨기에,하렌
벨기에,메넨
벨기에,제렐
벨기에,지펜
벨기에,템세
벨기에,크노케헤이스트
벨기에,라루비에르
체코,프라하
체코,브르노
체코,오스트라바
체코,플젠
체코,올로모우츠
체코,리베레츠
체코,체스케부데요비체
체코,흐라데츠크랄로베
체코,우스티나트라벰
체코,파르두비체
체코,하블리츠쿠브브로트
체코,카라비나
체코,모스토프
체코,흘라바
체코,프셰로프
체코,예흘라바
체코,트르지네츠
체코,크로메르지시
체코,브제슬라브
체코,호도닌
체코,타보르
체코,츠르노프
체코,즈노이모
체코,쿠트나호라
체코,프리브람
체코,클라드노
체코,오파바
체코,지흘라바
체코,스비타비
체코,빌레모프
체코,콜린
체코,트루트노프
체코,프라흐라티체
체코,드브르크랄로베
체코,브룬탈
체코,라코프니크
체코,루드나
체코,로코브
체코,코플리브니체
체코,체스키크루몰로프
체코,흘루친
체코,세즈임
체코,체스케브로도
체코,체스카리파
체코,체스카트르제보바
체코,스트라코니체
체코,베로니
체코,슈텟케브
체코,소콜로프
체코,베네쇼프
헝가리,부다페스트
헝가리,데브레첸
헝가리,세게드
헝가리,미슈콜츠
헝가리,페치
헝가리,죠르
헝가리,니레지하저
헝가리,케치케메트
헝가리,섹슈페헤르바르
헝가리,솜버트헤이
헝가리,소르노크
헝가리,베케시차바
헝가리,자졸노크
헝가리,에스테르곰
헝가리,에게르
헝가리,호드메죄바샤르헤이
헝가리,카포슈바르
헝가리,자스베레니
헝가리,타타바녀
헝가리,잘레게르섹
헝가리,바사르헐리
헝가리,버치
헝가리,코마롬
헝가리,벨러스러이바르트
헝가리,도나우이바로시
헝가리,뉴기라드
헝가리,살고타르얀
헝가리,케스켐
헝가리,바츠
헝가리,하이두비허르마트
헝가리,시게트바르
헝가리,토로크발린트
헝가리,팔로타
헝가리,버러츠크
헝가리,마코
헝가리,하트반
헝가리,어위아르
헝가리,토타
헝가리,모하치
헝가리,메조토를로지
헝가리,버로츠크
헝가리,버츠케스크
헝가리,시오포크
헝가리,페치바라드
헝가리,실바쇼로슈
헝가리,칼로차
헝가리,토카이
헝가리,바이
헝가리,어이카
멕시코,멕시코시티
멕시코,몬테레이
멕시코,푸에블라
멕시코,톨루카
멕시코,티후아나
멕시코,시우다드후아레스
멕시코,토레온
멕시코,케레타로
멕시코,산루이스포토시
멕시코,아과스칼리엔테스
멕시코,쿠에르나바카
멕시코,모렐리아
멕시코,카수아레스
멕시코,살티요
멕시코,치와와
멕시코,에르모시요
멕시코,쿨리아칸
멕시코,마사틀란
멕시코,우루아판
멕시코,비야에르모사
멕시코,로스모치스
멕시코,카보산루카스
멕시코,엔세나다
멕시코,누에보라레도
멕시코,마타모로스
멕시코,아카풀코
멕시코,레리도
멕시코,피에드라스네그라스
멕시코,코아수일라
멕시코,오악사카
멕시코,사카테카스
멕시코,산크리스토발데라스카사스
멕시코,이스타팔루카
멕시코,타파출라
멕시코,셀라야
멕시코,만사니요
멕시코,카르데나스
멕시코,테피크
멕시코,카르멘
멕시코,이라푸아토
멕시코,아파세오
멕시코,코요아칸
멕시코,테카마크
멕시코,치말와칸
멕시코,산타카타리나
멕시코,사카테펙
브라질,상파울루
브라질,리우데자네이루
브라질,브라질리아
브라질,살바도르
브라질,포르투알레그리
브라질,포르탈레자
브라질,벨렝
브라질,쿠리치바
브라질,마나우스
브라질,레시페
브라질,고이아니아
브라질,캄피나스
브라질,상루이스
브라질,니테로이
브라질,블루메나우
브라질,테레지나
브라질,주앙페소아
브라질,마카파
브라질,마세이오
브라질,쿠이아바
브라질,비토리아
브라질,나탈
브라질,보아비스타
브라질,아라카주
브라질,소로카바
브라질,루젠드
브라질,필로타스
브라질,산토스
브라질,펠로타스
브라질,올린다
브라질,산호세두스캄푸스
브라질,타우바테
브라질,피라시카바
브라질,지우드
브라질,페트롤리나
브라질,카라피쿠이바
브라질,보타푸고
브라질,세아라
브라질,아파레시다디고이아니아
브라질,상곤살로
브라질,카라과타투바
브라질,프랑카
브라질,자우
브라질,주이즈지포라
브라질,브루스케
브라질,아라라콰라
브라질,안나폴리스
브라질,파소폰두
브라질,마우아
브라질,우베를란디아
뉴질랜드,웰링턴
뉴질랜드,크라이스트처치
뉴질랜드,타우랑가
뉴질랜드,더니든
뉴질랜드,네이피어
뉴질랜드,로토루아
뉴질랜드,넬슨
뉴질랜드,뉴플리머스
뉴질랜드,인버카길
뉴질랜드,휘앙가레이
뉴질랜드,팔머스턴노스
뉴질랜드,타라나키
뉴질랜드,와이라라파
뉴질랜드,호크스베이
뉴질랜드,블레넘
뉴질랜드,티마루
뉴질랜드,그레이마우스
뉴질랜드,웨스트포트
뉴질랜드,왕거누이
뉴질랜드,마스터턴
뉴질랜드,오아마루
뉴질랜드,알렉산드라
뉴질랜드,와이히
뉴질랜드,피오피오
뉴질랜드,카이코우라
뉴질랜드,모투에카
뉴질랜드,다니버크
뉴질랜드,마나이아
뉴질랜드,패러매타
뉴질랜드,카티카티
뉴질랜드,마타마타
뉴질랜드,테아로하
뉴질랜드,스트랫포드
뉴질랜드,카와카와
뉴질랜드,오포티키
뉴질랜드,토코로아
뉴질랜드,헌티
뉴질랜드,테쿠이티
뉴질랜드,도카로아
뉴질랜드,와이카토
뉴질랜드,리버헤드
뉴질랜드,오네항가
뉴질랜드,오네하우
뉴질랜드,롤스톤
뉴질랜드,헨더슨
호주,시드니
호주,멜버른
호주,브리즈번
호주,퍼스
호주,애들레이드
호주,캔버라
호주,골드코스트
호주,뉴캐슬
호주,울런공
호주,선샤인코스트
호주,지롱
호주,호바트
호주,타운즈빌
호주,케언스
호주,투움바
호주,달링턴
호주,밸러랫
호주,벤디고
호주,록햄프턴
호주,매키
호주,번버리
호주,터마라
호주,글래드스톤
호주,마운트갬비어
호주,와가와가
호주,포트맥쿼리
호주,셰퍼턴
호주,알버리
호주,칼굴리
호주,타무워스
호주,라이삼
호주,포트오거스타
호주,마운트이사
호주,애니스모어
호주,발리나
호주,브로큰힐
호주,베라
호주,오렌지
호주,카툼바
호주,지스본
호주,더보
호주,제럴턴
호주,암머데일
호주,킬모어
호주,브런즈윅
호주,에스펀스
호주,포스터
호주,애머데일
호주,알리스스프링스
호주,위트선데이
중국,북경
중국,상해
중국,칭다오
중국,장가계
베트남,호치민
베트남,나트랑
태국,크라비
필리핀,보라카이
필리핀,보홀
필리핀,세부
홍콩,홍콩
대만,타이페이
싱가포르,싱가포르
인도네시아,발리
몽골,테를지
몰디브,말레
네팔,룸비니
포르투갈,포르토
오스트리아,비엔나
이탈리아,베니스
세르비아,베오그라드
그리스,산토리니
스위스,체르마트
아이슬란드,레이캬비크
아일랜드,더블린
미국,로스엔젤레스
미국,올란도
미국,호놀룰루
미국,사이판
멕시코,칸쿤
가나,아크라
가나,쿠마시
가나,타말레
가나,세콘디타코라디
가나,오부아시
가나,타코라디
가나,타폴리
가나,카세나크루아
가나,케이프코스트
가나,테치만
가나,볼가탕가
가나,마코리디
가나,키부
가나,아샨티
가나,볼타
가나,카수아
가나,아심팡
가나,스니아니
가나,압렌크와
가나,수니아니
가나,카롤리부
가나,니아수니아
가나,코프리두아
가나,아파나
가나,엔다
가나,앙골라
가나,아만포
가나,다보야
가나,멘지아
가나,와지
가나,나비타
가나,아카치
가나,브롱아하포
가나,아심포
가나,노르테
가나,가라카
가나,카테
가나,탄그마
가나,세이키
가나,사벨라
가나,티파
가나,도고
가나,아부아
가나,레아
도미니카공화국,산토도밍고
도미니카공화국,산티아고데로스카바예로스
도미니카공화국,라로마나
도미니카공화국,산페드로데마코리스
도미니카공화국,히게이
도미니카공화국,푸에르토플라타
도미니카공화국,산프란시스코데마코리스
도미니카공화국,산후안데라마과나
도미니카공화국,마오
도미니카공화국,아수아
도미니카공화국,몬테크리스티
도미니카공화국,코투이
도미니카공화국,보나오
도미니카공화국,모카
도미니카공화국,엘세이보
도미니카공화국,산크리스토발
도미니카공화국,페랄타
도미니카공화국,누에바에스파냐
도미니카공화국,바라오나
도미니카공화국,라베가
도미니카공화국,네이바
도미니카공화국,나과보
도미니카공화국,하라바코아
도미니카공화국,콘스탄사
도미니카공화국,몬테플라타
도미니카공화국,하토마요르
도미니카공화국,살세도
도미니카공화국,바오루코
도미니카공화국,아르투로
도미니카공화국,코마예
도미니카공화국,산호세데오코아
도미니카공화국,예라마
도미니카공화국,아토마요르델레이
도미니카공화국,카브레라
도미니카공화국,가스파르에르난데스
도미니카공화국,나구아
도미니카공화국,산라파엘델유마
도미니카공화국,라마타
도미니카공화국,안토니오구즈만
도미니카공화국,라호야
도미니카공화국,엘바예
도미니카공화국,산안토니오
도미니카공화국,도밍고사비오
도미니카공화국,라이스라
도미니카공화국,모네야
도미니카공화국,에나그로
도미니카공화국,엘푸에르토
도미니카공화국,시우다드누에바
도미니카공화국,엔산체라페
러시아,모스크바
러시아,상트페테르부르크
러시아,노보시비르스크
러시아,예카테린부르크
러시아,니즈니노브고로드
러시아,카잔
러시아,첼랴빈스크
러시아,옴스크
러시아,사마라
러시아,로스토프나도누
러시아,크라스노야르스크
러시아,보로네시
러시아,페름
러시아,볼고그라드
러시아,크라스노다르
러시아,사라토프
러시아,톰스크
러시아,툴라
러시아,이르쿠츠크
러시아,하바롭스크
러시아,야로슬라블
러시아,마하치칼라
러시아,오렌부르크
러시아,노보쿠즈네츠크
러시아,케메로보
러시아,류벤스크
러시아,바르나울
러시아,울리야놉스크
러시아,이제브스크
러시아,브얀스크
러시아,울란우데
러시아,첼라빈스크
러시아,벨고로드
러시아,수르구트
러시아,칼리닌그라드
러시아,니즈네캄스크
러시아,스타브로폴
러시아,타간로그
러시아,세베로드빈스크
러시아,코스트로마
러시아,키로프
러시아,펜자
러시아,스몰렌스크
러시아,나베레즈니첼니
러시아,노보체르카스크
러시아,노보야쿠츠크
러시아,예실쿠르간
러시아,알렉산드로프
러시아,코페이스크
아르헨티나,부에노스아이레스
아르헨티나,로사리오
아르헨티나,멘도사
아르헨티나,라플라타
아르헨티나,투쿠만
아르헨티나,마르델플라타
아르헨티나,산타페
아르헨티나,레시스텐시아
아르헨티나,네우켄
아르헨티나,산루이스
아르헨티나,콤도로리바다비아
아르헨티나,바히아블랑카
아르헨티나,파라나
아르헨티나,포사다스
아르헨티나,콘셉시온델우루과이
아르헨티나,리오쿠아르토
아르헨티나,산살바도르데후후이
아르헨티나,리오갈레고스
아르헨티나,카타마르카
아르헨티나,라리오하
아르헨티나,산니콜라스데로스아로요스
아르헨티나,고도이크루즈
아르헨티나,하네라
아르헨티나,마르델투유
아르헨티나,콜론
아르헨티나,카르멘데파타고네스
아르헨티나,산라파엘
아르헨티나,에스켈
아르헨티나,사라테
아르헨티나,오베라
아르헨티나,찰라바레타
아르헨티나,벨그라노
아르헨티나,후닌
아르헨티나,바라데로
아르헨티나,칠리시토
아르헨티나,산마르틴
아르헨티나,아베야네다
아르헨티나,베나도투에르토
아르헨티나,마르데아호
아르헨티나,산로렌소
아르헨티나,마차가이
아르헨티나,알타그라시아
아르헨티나,엘칼라파테
아르헨티나,사우세비에호
아이슬란드,아쿠레이리
아이슬란드,하프나르피오르두르
아이슬란드,코파보귀르
아이슬란드,가르다바이르
아이슬란드,아쿠르네스
아이슬란드,셀포스
아이슬란드,에이일스타디르
아이슬란드,그린다빅
아이슬란드,비크
아이슬란드,셀타르나르네스
아이슬란드,모스펠스바이르
아이슬란드,케플라비크
아이슬란드,스코가포스
아이슬란드,후사빅
아이슬란드,소우더크뢰쿠르
아이슬란드,포르락스회픈
아이슬란드,블론두오스
아이슬란드,이스라피외르뒤르
아이슬란드,보르가르네스
아이슬란드,스티키스홀뮈르
아이슬란드,에이디스비크
아이슬란드,브레이다슬레이크
아이슬란드,스코우가르
아이슬란드,드리트빅
아이슬란드,라후트라르
아이슬란드,그룬다르피외르뒤르
아이슬란드,플리요틀슬루트르
아이슬란드,라가르플요트
아이슬란드,헬라
아이슬란드,헬리사비크
아이슬란드,클레이비크
아이슬란드,디우피비크
아이슬란드,리르퓌크
아이슬란드,오우라로스
아이슬란드,스토다바키
아이슬란드,호픈
아이슬란드,리다르홀라르
아이슬란드,비크이미르달
아이슬란드,칼다르셀
아이슬란드,바트나에이오쿠틀
아이슬란드,에이야피아틀라요쿨
아이슬란드,스카프타펠
아이슬란드,그루타르비크
아이슬란드,헤스트피외르뒤르
아이슬란드,스토르후볼슬레르
아이슬란드,호프나르피외르뒤르
아이슬란드,크발피외르뒤르
아이슬란드,크라플라
아이슬란드,하우칼리르
우크라이나,키이우
우크라이나,하르키우
우크라이나,오데사
우크라이나,드니프로
우크라이나,도네츠크
우크라이나,자포리자
우크라이나,리비우
우크라이나,크리비리흐
우크라이나,마리우폴
우크라이나,빈니차
우크라이나,헤르손
우크라이나,폴타바
우크라이나,체르니히우
우크라이나,체르카시
우크라이나,호로드노
우크라이나,자카르파티아
우크라이나,이바노프란키우스크
우크라이나,루한스크
우크라이나,루츠크
우크라이나,우지호로드
우크라이나,테르노필
우크라이나,믈리누프
우크라이나,크레멘추크
우크라이나,니콜라이프
우크라이나,벨리카노보실카
우크라이나,슬로비얀스크
우크라이나,카미안스케
우크라이나,베르댠스크
우크라이나,브로바리
우크라이나,크라마토르스크
우크라이나,파블로흐라드
우크라이나,바흐무트
우크라이나,우만
우크라이나,하르치즈크
우크라이나,호로슈
우크라이나,코스티안티니우카
우크라이나,안드리이우카
우크라이나,스테파니브카
우크라이나,카흐로브카
우크라이나,우즈호로드
우크라이나,드루즈키우카
우크라이나,스비틀로보츠크
우크라이나,칼루시
우크라이나,호르니츠키
우크라이나,체르노모르스크
우크라이나,노보폴타브카
우크라이나,부차
우크라이나,보르디안시크
우크라이나,보리스필
이라크,바그다드
이라크,모술
이라크,바스라
이라크,에르빌
이라크,수레마니야
이라크,나자프
이라크,카르발라
이라크,카르코크
이라크,나시리야
이라크,아르라카
이라크,라마디
이라크,힐라
이라크,디와니야
이라크,카디시야
이라크,쿠트
이라크,도훅
이라크,마흐무디야
이라크,팔루자
이라크,바쿠바
이라크,티크리트
이라크,알카임
이라크,하딘
이라크,라시디야
이라크,칼라트
이라크,알하우자
이라크,알샤미야
이라크,알쿠트
이라크,자크후
이라크,알하라스
이라크,알수크
이라크,알쿠라
이라크,알바티
이라크,알카르마
이라크,알자브
이라크,알투자
이라크,알샤트라
이라크,알아지지야
이라크,알시니야
이라크,알마흐무디야
이라크,알타지
이라크,알도라
이라크,알하비야
이라크,알무스하다
이라크,알하딘
이라크,알타미야
이라크,알야르무크
이라크,알라쉬크
이라크,알살람
이라크,알후세이니야
이스라엘,텔아비브
이스라엘,예루살렘
이스라엘,하이파
이스라엘,리숀레지온
이스라엘,페타티크바
이스라엘,아슈도드
이스라엘,네타냐
이스라엘,베르셰바
이스라엘,홀론
이스라엘,브네이브라크
이스라엘,라맛간
이스라엘,바트얌
이스라엘,아슈켈론
이스라엘,헤르츨리야
이스라엘,호파
이스라엘,카파르사바
이스라엘,모디인
이스라엘,예후드
이스라엘,나사렛
이스라엘,에일랏
이스라엘,아풀라
이스라엘,람라
이스라엘,레호보트
이스라엘,크리엇모츠킨
이스라엘,크리엇아타
이스라엘,츠파트
이스라엘,테베리아
이스라엘,카르미엘
이스라엘,미그달하에멕
이스라엘,오르아키바
이스라엘,사케닌
이스라엘,타이베
이스라엘,크파르카나
이스라엘,아크레
이스라엘,라우트
이스라엘,마알로트타르쉬하
이스라엘,예코나암일릿
이스라엘,네세치오나
이스라엘,오파킴
이스라엘,슈파람
이스라엘,에일라트
이스라엘,에코
이스라엘,베이트셰안
이스라엘,디모나
이스라엘,카쉴론
이스라엘,아랄
이스라엘,미스게브
이스라엘,모트자
이스라엘,에프라트
이집트,카이로
이집트,알렉산드리아
이집트,기자
이집트,수에즈
이집트,포트사이드
이집트,루크소르
이집트,아스완
이집트,마르사마트루흐
이집트,이즈마일리아
이집트,아슈트
이집트,알미니야
이집트,담냐타
이집트,타타
이집트,베니수에프
이집트,카프르엘셰이크
이집트,알마할라알쿠브라
이집트,자그하지그
이집트,카나
이집트,다카할리야
이집트,수하그
이집트,팔류움
이집트,알마하라
이집트,마르사알람
이집트,엘알라메인
이집트,알오부르
이집트,아스유트
이집트,벨베이스
이집트,사피
이집트,타흐타
이집트,아부티지
이집트,만수라
이집트,이브라힘
이집트,카르카르
이집트,파이윰
이집트,신티
이집트,마디나
이집트,지르자
이집트,부하이라
이집트,마흐알라
이집트,메니아
이집트,하와
이집트,시디바라니
이집트,쿠사
이집트,에드푸
이집트,엘멘야
이집트,바흘라
이집트,알카나
이집트,엘하마물
이집트,사드라
칠레,산티아고
칠레,발파라이소
칠레,비냐델마르
칠레,콘셉시온
칠레,라세레나
칠레,안토파가스타
칠레,테무코
칠레,란카구아
칠레,이킬리케
칠레,푸에르토몬트
칠레,코피아포
칠레,탈카
칠레,아리카
칠레,오소르노
칠레,치얀
칠레,파라소
칠레,칼라마
칠레,키요타
칠레,리나레스
칠레,라칼레라
칠레,코로넬
칠레,산펠리페
칠레,바타과
칠레,푸콘
칠레,라우타로
칠레,앙가로아
칠레,비야알레만
칠레,푸에르토아리나스
칠레,코르디예라
칠레,카스트로
칠레,멜리피야
칠레,카우케네스
칠레,키야오
칠레,로스라구스
칠레,카우틴
칠레,쿠릴로스
칠레,톨텐
칠레,칼데라
칠레,빌라알레그레
칠레,로타
칠레,코야이케
칠레,푸에르토바라스
칠레,투투브
칠레,페라코스
칠레,로스안데스
칠레,마이푸
칠레,킬푸에
카자흐스탄,아스타나
카자흐스탄,알마티
카자흐스탄,카라간다
카자흐스탄,아티라우
카자흐스탄,아크토베
카자흐스탄,타라즈
카자흐스탄,우랄스크
카자흐스탄,파블로다르
카자흐스탄,코스타나이
카자흐스탄,템르타우
카자흐스탄,카플차가이
카자흐스탄,코클셰타우
카자흐스탄,크질오르다
카자흐스탄,우스티카메노고르스크
카자흐스탄,제즈카즈간
카자흐스탄,악타우
카자흐스탄,발하쉬
카자흐스탄,루데노예
카자흐스탄,에키바스토즈
카자흐스탄,페트로파블로프스크
카자흐스탄,사리아가쉬
카자흐스탄,탈디코르간
카자흐스탄,투르키스탄
카자흐스탄,카라타우
카자흐스탄,시마나이하
카자흐스탄,샤흐틴스크
카자흐스탄,카스켈렌
카자흐스탄,아이카우
카자흐스탄,에미
카자흐스탄,사랑쿨락
카자흐스탄,타이쇼베
카자흐스탄,크라스노보츠크
카자흐스탄,아크수
카자흐스탄,마카치칼라
카자흐스탄,아바이
카자흐스탄,루바니
카자흐스탄,코사니
카자흐스탄,아크지라
카자흐스탄,스베틀로고르스크
카자흐스탄,체르니고브카
카자흐스탄,사트파예프
카자흐스탄,차르스
카자흐스탄,자나오젠
카자흐스탄,아트바사르
카자흐스탄,아야고즈
카자흐스탄,아울
카자흐스탄,구르예프
카자흐스탄,베세로프카
짐바브웨,하라레
짐바브웨,불라와요
짐바브웨,치툰구이자
짐바브웨,구베로
짐바브웨,마스빙고
짐바브웨,마운트다르윈
짐바브웨,치노이
짐바브웨,마라운데라
짐바브웨,카라이바
짐바브웨,치푸리
짐바브웨,비쿠타
짐바브웨,고쿠웨
짐바브웨,치레지
짐바브웨,치망가니
짐바브웨,키웨레
짐바브웨,루시투
짐바브웨,무레와
짐바브웨,엡워스
짐바브웨,마주웨
짐바브웨,마추투
짐바브웨,우에멍
짐바브웨,카돈가
짐바브웨,노토
짐바브웨,음부야
짐바브웨,마자리
짐바브웨,에스카파
짐바브웨,무타레
짐바브웨,카웨
짐바브웨,고쿠베라
짐바브웨,음본데
짐바브웨,카돔베
짐바브웨,부어히
짐바브웨,마케도
짐바브웨,카비라
짐바브웨,구투
짐바브웨,응고마
짐바브웨,루포메로
짐바브웨,브롬리
짐바브웨,카사마
짐바브웨,차리라
짐바브웨,루피라
짐바브웨,카라레
짐바브웨,마잔가
짐바브웨,음카티
짐바브웨,우무진디
짐바브웨,치프움바
짐바브웨,무쿠바
짐바브웨,루타레
짐바브웨,시노야
캄보디아,프놈펜
캄보디아,씨엠립
캄보디아,시하누크빌
캄보디아,바탐방
캄보디아,캄퐁참
캄보디아,타케오
캄보디아,캄폿
캄보디아,코콩
캄보디아,스와이리엥
캄보디아,프레이벵
캄보디아,라타나끼리
캄보디아,스텅트렝
캄보디아,크라티에
캄보디아,프레아비히어
캄보디아,몬돌끼리
캄보디아,바라이
캄보디아,바웅
캄보디아,포이펫
캄보디아,수앙사이
캄보디아,깜퐁솜
캄보디아,프놈크롬
캄보디아,크로체
캄보디아,모니롬
캄보디아,체이르
캄보디아,로락
캄보디아,오우동크
캄보디아,라옹
캄보디아,드라노트
캄보디아,쩌로이
캄보디아,빠이린
캄보디아,시엠푸
캄보디아,바르카
캄보디아,껌퐁터
캄보디아,스반나깨트
캄보디아,세레이사폰
캄보디아,크다이
캄보디아,롬복
캄보디아,스라엠
캄보디아,트라빼앙
캄보디아,스라엠캄퐁
캄보디아,크라오
캄보디아,동훽
캄보디아,펜롬
캄보디아,카이퐁
캄보디아,프레이방
캄보디아,테프
케냐,나이로비
케냐,몸바사
케냐,키수무
케냐,나쿠루
케냐,엘도렛
케냐,키투이
케냐,키수리
케냐,카카메가
케냐,키사무
케냐,투르카나
케냐,타나리버
케냐,말린디
케냐,메루
케냐,키안부
케냐,가리사
케냐,벵게
케냐,카라티나
케냐,마차코스
케냐,움베
케냐,케리초
케냐,부시아
케냐,키리냐가
케냐,키수니
케냐,마린디
케냐,키암부
케냐,음구니
케냐,나이바샤
케냐,치아카나
케냐,믹키니
케냐,타보라
케냐,믈란디
케냐,타이트타베타
케냐,이라라
케냐,모하디
케냐,모야레
케냐,남디
케냐,올칼루
케냐,카자도
케냐,카캄가
케냐,타크
케냐,카우카
케냐,카파라
케냐,케무
케냐,카지아도
케냐,마루구
케냐,키시
케냐,로이암쿠
케냐,키투이웨스트
콜롬비아,보고타
콜롬비아,메데인
콜롬비아,칼리
콜롬비아,바랑키야
콜롬비아,쿠쿠타
콜롬비아,부카라망가
콜롬비아,산타마르타
콜롬비아,이바게
콜롬비아,빌라비센시오
콜롬비아,만리살레스
콜롬비아,페레이라
콜롬비아,몬테리아
콜롬비아,파스토
콜롬비아,팝아얀
콜롬비아,아르메니아
콜롬비아,바예두파르
콜롬비아,퀴바도
콜롬비아,리오하차
콜롬비아,플로리다블랑카
콜롬비아,소아차
콜롬비아,야팔
콜롬비아,바예도리드
콜롬비아,플로렌시아
콜롬비아,투마코
콜롬비아,시판쿨라
콜롬비아,말람보
콜롬비아,엘바그레
콜롬비아,마이카오
콜롬비아,차차가
콜롬비아,바르가스
콜롬비아,바라노아
콜롬비아,카사나레
콜롬비아,마그달레나
콜롬비아,자미아카
콜롬비아,이타구이
콜롬비아,시우다드볼리바르
콜롬비아,후앙데아코스타
콜롬비아,카마르고
콜롬비아,비야르메르
콜롬비아,키브도
콜롬비아,시우다드델리바노
콜롬비아,세로산안토니오
콜롬비아,바르랑카베르메하
콜롬비아,라세바
콜롬비아,마라카이보
콩고,킨샤사
콩고,루분바시
콩고,믈루디
콩고,마타디
콩고,카남바
콩고,무부지마이
콩고,부카부
콩고,마니에마
콩고,키푸쿠
콩고,콩골레자
콩고,음반다카
콩고,분디아
콩고,우비라
콩고,루지지
콩고,키상가니
콩고,카상가니
콩고,칼레미
콩고,이시로
콩고,카사이
콩고,카방가
콩고,카나가
콩고,부니아
콩고,키크윗
콩고,마쿰바
콩고,카사이오리엔탈
콩고,콩고센트럴
콩고,마이엔도
콩고,카콩고
콩고,키카두
콩고,마팔라
콩고,카사이서부
콩고,콩고타운
콩고,카빌라
콩고,카부토
콩고,카빌라웨스트
콩고,칼루미
콩고,카바레
콩고,카상가
콩고,콜웨지
콩고,콩고리버
콩고,마시시
콩고,카마나
콩고,부메키
콩고,바산쿠수
콩고,키사이니
콩고,카마리
콩고,마니마
콩고,우반다카
파키스탄,카라치
파키스탄,라호르
파키스탄,페샤와르
파키스탄,이슬라마바드
파키스탄,라왈핀디
파키스탄,쿼타
파키스탄,무르탄
파키스탄,페살라바드
파키스탄,구자란왈라
파키스탄,수쿠르
파키스탄,사르곳하
파키스탄,사히왈
파키스탄,바하왈푸르
파키스탄,카수르
파키스탄,시알코트
파키스탄,구즈라트
파키스탄,만세라
파키스탄,스와트
파키스탄,미르푸르
파키스탄,자코바바드
파키스탄,데라가지칸
파키스탄,코하트
파키스탄,바누
파키스탄,압보타바드
파키스탄,라르카나
파키스탄,카로르
파키스탄,코르라치
파키스탄,키라트푸르
파키스탄,차크왈
파키스탄,라호르칸트
파키스탄,지라니왈라
파키스탄,노샤라
파키스탄,자파라바드
파키스탄,데라이스마일칸
파키스탄,카이무르
파키스탄,투르밧
파키스탄,칠라스
파키스탄,길기트
파키스탄,훈자
파키스탄,티모르가라
파키스탄,차크제라
파키스탄,포르데라
파키스탄,카샤
파키스탄,카쉬모어
파키스탄,탄크
파키스탄,골라
파키스탄,타크시라
파키스탄,하라푸르
페루,리마
페루,아레키파
페루,트루히요
페루,치클라요
페루,피우라
페루,이카
페루,쿠스코
페루,칼라오
페루,추클라요
페루,푸노
페루,타크나
페루,아야쿠초
페루,후아누코
페루,모케과
페루,파카스마요
페루,살라베리
페루,차차포야스
페루,후안카요
페루,츄루칸
페루,수야나
페루,타라포토
페루,친차알타
페루,카하마르카
페루,나스카
페루,툼베스
페루,티라포토
페루,몰렌도
페루,아바니카
페루,타이보
페루,아루아나
페루,아투사
페루,엘카야오
페루,베야비스타
페루,카냐르
페루,파이타
페루,산이시드로
페루,미라플로레스
페루,자우자
페루,우아라스
페루,팔카스
페루,아마소나스
페루,라오로야
페루,안다후아일라스
페루,푸라에라
페루,유리아마구아스
페루,스야나
페루,마라논
폴란드,바르샤바
폴란드,크라쿠프
폴란드,우치
폴란드,브로츠와프
폴란드,포즈난
폴란드,그단스크
폴란드,셰치니
폴란드,비아위스토크
폴란드,카토비체
폴란드,루블린
폴란드,비엘스코비아와
폴란드,비드고슈치
폴란드,올슈틴
폴란드,토룬
폴란드,켈체
폴란드,글리비체
폴란드,차토비체
폴란드,그디니아
폴란드,소포트
폴란드,라돔
폴란드,지엘로나구라
폴란드,바이엘스코비아
폴란드,피와
폴란드,발브지흐
폴란드,루비니크
폴란드,엘블롱크
폴란드,레그니차
폴란드,슈체츠넥
폴란드,플로크
폴란드,코샬린
폴란드,토마슈프마조비에츠키
폴란드,시엘체
폴란드,고주프비엘코폴스키
폴란드,레슈노
폴란드,스와우키
폴란드,오스트로비에츠
폴란드,노비송츠
폴란드,카르코프
폴란드,프셰미실
폴란드,스타라하워
폴란드,야스트셈비에
폴란드,타르누프
폴란드,비에슈
폴란드,올레산
폴란드,크로스노
폴란드,비엘리츠카
폴란드,오포레
폴란드,브제크
폴란드,스카르지스코
푸에르토리코,폰세
푸에르토리코,마야구에스
푸에르토리코,카로리나
푸에르토리코,카과스
푸에르토리코,바야몬
푸에르토리코,과야니야
푸에르토리코,아레시보
푸에르토리코,우마카오
푸에르토리코,카보로호
푸에르토리코,바르셀로네타
푸에르토리코,라레스
푸에르토리코,과야마
푸에르토리코,이스라베야
푸에르토리코,보네토
푸에르토리코,나구아보
푸에르토리코,푸엔테스
푸에르토리코,마우나보
푸에르토리코,알보누시
푸에르토리코,아귈라르
푸에르토리코,야부코아
푸에르토리코,올메도
푸에르토리코,아과디야
푸에르토리코,아과다
푸에르토리코,아냐스코
푸에르토리코,코모
푸에르토리코,게랄도
푸에르토리코,하이우야
푸에르토리코,모로비스
푸에르토리코,코로잘
푸에르토리코,루키요
푸에르토리코,베가바하
푸에르토리코,마리스칼
푸에르토리코,케브라디야
푸에르토리코,라자스
푸에르토리코,아하이유야
푸에르토리코,나란히토
푸에르토리코,산로렌조
푸에르토리코,살리나스
푸에르토리코,세바야
푸에르토리코,베가알타
푸에르토리코,시드라
푸에르토리코,토아바하
푸에르토리코,트루히요알토
푸에르토리코,우투아도
푸에르토리코,야우코
푸에르토리코,리오그란데
푸에르토리코,쿠마오
푸에르토리코,도라도
가이아나,린덴
가이아나,뉴암스테르담
가이아나,바트리카
가이아나,스쿠넌
가이아나,로세그날
가이아나,말리아
가이아나,코리버톤
가이아나,앤나리젠
가이아나,마디아
가이아나,마하이카
가이아나,라그루
가이아나,포트카이툼
가이아나,마하이카버버리스
가이아나,캐너마
가이아나,웨이크나마
가이아나,팜그로브
가이아나,로스익스텐션
가이아나,로즈홀
가이아나,로스이그니아
가이아나,파라카이마
가이아나,마아이카
가이아나,탑보
가이아나,에세퀴보
가이아나,콜라크릭
가이아나,마카바
가이아나,와카나마
가이아나,포트모우리
가이아나,와이라크
가이아나,와카포
가이아나,포트마라
가이아나,하트필드
가이아나,코토파르
가이아나,아르카이마
가이아나,클론브룩
가이아나,웨일즈
가이아나,크레마크
가이아나,스프링가든
가이아나,로즈홀타운
가이아나,트리올로
가이아나,메하이크
가이아나,롱크릭
가이아나,헤롤드타운
가이아나,버버리스
가이아나,롱크릭힐
가이아나,와마크리크
나이지리아,라고스
나이지리아,아부자
나이지리아,카노
나이지리아,이바단
나이지리아,포트하커트
나이지리아,카두나
나이지리아,베닌시티
나이지리아,마이두구리
나이지리아,일로린
나이지리아,아베오쿠타
나이지리아,엔우구
나이지리아,오니차
나이지리아,우요
나이지리아,칼라바르
나이지리아,와리
나이지리아,오웨리
나이지리아,소코토
나이지리아,오쇼구보
나이지리아,에누구
나이지리아,자리아
나이지리아,에베도
나이지리아,아쿠레
나이지리아,에펜
나이지리아,구스
나이지리아,야올라
나이지리아,카치나
나이지리아,로코자
나이지리아,에누구이즈
나이지리아,우무아히아
나이지리아,카피리
나이지리아,이제부오데
나이지리아,바우치
나이지리아,오그보모쇼
나이지리아,미나
나이지리아,마쿠르디
나이지리아,아주바
나이지리아,아베도
나이지리아,우게리
나이지리아,오크리카
나이지리아,예니고아
나이지리아,오토포
나이지리아,아비라
나이지리아,에코이
나이지리아,자마파라
나이지리아,아구로
나이지리아,아바
남아프리카공화국,요하네스버그
남아프리카공화국,케이프타운
남아프리카공화국,더반
남아프리카공화국,프리토리아
남아프리카공화국,포트엘리자베스
남아프리카공화국,블룸폰테인
남아프리카공화국,이스트런던
남아프리카공화국,폴로콰네
남아프리카공화국,킴벌리
남아프리카공화국,넬스프루이트
남아프리카공화국,조지
남아프리카공화국,마푸말랑가
남아프리카공화국,리처즈베이
남아프리카공화국,웰콤
남아프리카공화국,크루거스도르프
남아프리카공화국,우텐헤그
남아프리카공화국,마운트에이리프
남아프리카공화국,벤더
남아프리카공화국,페치스톤
남아프리카공화국,칼튼빌
남아프리카공화국,울룬디
남아프리카공화국,하라리스미스
남아프리카공화국,쿠루만
남아프리카공화국,스텔렌보스
남아프리카공화국,워스터
남아프리카공화국,크라이스도르프
남아프리카공화국,하우텐
남아프리카공화국,스프링스
남아프리카공화국,마푸토
남아프리카공화국,비쇼
남아프리카공화국,무르파
남아프리카공화국,워터베르크
남아프리카공화국,오츠혼
남아프리카공화국,피터마리츠버그
남아프리카공화국,카세리
남아프리카공화국,베른하르드
남아프리카공화국,레디스미스
남아프리카공화국,무룸비
남아프리카공화국,블로버그
남아프리카공화국,클레어몬트
남아프리카공화국,코트만스호프
남아프리카공화국,암잘로
남아프리카공화국,모코파네
남아프리카공화국,마로카
남아프리카공화국,자크라
남아프리카공화국,안도
남아프리카공화국,루이스트리히트
남아프리카공화국,하트비스포르트
루마니아,부쿠레슈티
루마니아,클루지나포카
루마니아,티미쇼아라
루마니아,콘스탄차
루마니아,크라이오바
루마니아,브라쇼브
루마니아,갈라치
루마니아,플로이에슈티
루마니아,오라데아
루마니아,브라일라
루마니아,아라드
루마니아,피테슈티
루마니아,시에비우
루마니아,바커우
루마니아,트르구무레슈
루마니아,바이아마레
루마니아,비토라
루마니아,부르쿠
루마니아,브러일라
루마니아,알바이울리아
루마니아,라미쿠발체아
루마니아,바이아스프리에
루마니아,투르다
루마니아,피아트라네암츠
루마니아,푸크샤니
루마니아,브라쇼브노르드
루마니아,세베슈
루마니아,술리나
루마니아,루게쥘
루마니아,부조우
루마니아,르시타
루마니아,투르누세베린
루마니아,데바
루마니아,페트로사니
루마니아,사투마레
루마니아,호레주
루마니아,올테니타
루마니아,레흐치아
루마니아,코로이아
루마니아,드로베타투르누세베린
루마니아,순게오루데무레슈
루마니아,루고지
루마니아,비스트리차
루마니아,지우르지우
루마니아,카람세베시
루마니아,베케오아르
루마니아,칼라라시
루마니아,슬라티나
루마니아,판테레스티
모로코,카사블랑카
모로코,라바트
모로코,마라케시
모로코,페스
모로코,탕헤르
모로코,메크네스
모로코,우즈다
모로코,케니트라
모로코,아가디르
모로코,테투안
모로코,나도르
모로코,엘자디다
모로코,세타트
모로코,쿠리브가
모로코,타르단트
모로코,이르하운
모로코,티자니트
모로코,타운아트
모로코,베니멜랄
모로코,타오르트
모로코,엘하우즈
모로코,부자두르
모로코,라윤
모로코,타나그라
모로코,메디야
모로코,베르칸
모로코,타르파야
모로코,제르다
모로코,수케스
모로코,아르라치디아
모로코,타운기트
모로코,타우르트
모로코,틴기르
모로코,투네트
모로코,타르가
모로코,이프란
모로코,아시라
모로코,에르푸드
모로코,에사우이라
모로코,시디이프니
모로코,게르미스
모로코,케사르
모로코,메크네스타운
모로코,제딘
모로코,타르수트
모로코,미데트
모로코,젤라타
모로코,샤우엔
방글라데시,다카
방글라데시,치타공
방글라데시,쿨나
방글라데시,라지샤히
방글라데시,실헷
방글라데시,바리살
방글라데시,랑푸르
방글라데시,콕스바자르
방글라데시,나라얀간지
방글라데시,가제푸르
방글라데시,코밀라
방글라데시,보그라
방글라데시,마이멘싱
방글라데시,제소르
방글라데시,파브나
방글라데시,파투아카리
방글라데시,브라만바리아
방글라데시,파르디푸르
방글라데시,디나라이푸르
방글라데시,마다리푸르
방글라데시,통기
방글라데시,사트키라
방글라데시,시라즈간지
방글라데시,술라푸르
방글라데시,쿠스티아
방글라데시,노아카리
방글라데시,다이나지푸르
방글라데시,마울비바자르
방글라데시,메헤르푸르
방글라데시,조나이푸르
방글라데시,시드푸르
방글라데시,라크시미푸르
방글라데시,피로즈푸르
방글라데시,탄가일
방글라데시,피랍푸르
방글라데시,잘카티
방글라데시,키쇼레간지
방글라데시,보이랄
방글라데시,라호다
방글라데시,하비간지
방글라데시,푸티아
방글라데시,시파이푸르
방글라데시,반드라반
방글라데시,보라일
방글라데시,이샤르디
방글라데시,닐파마리
방글라데시,루홀
방글라데시,쿨나라지샤히
방글라데시,루하간지
베네수엘라,카라카스
베네수엘라,바르키시메토
베네수엘라,마라카이
베네수엘라,시우다드과야나
베네수엘라,마투린
베네수엘라,푸에르토라크루즈
베네수엘라,포르투게사
베네수엘라,카베요
베네수엘라,카라보보
베네수엘라,엘티그레
베네수엘라,엘비헤아
베네수엘라,과타이레
베네수엘라,바르길라
베네수엘라,아카리과
베네수엘라,투쿠피타
베네수엘라,산펠릭스
베네수엘라,사카파
베네수엘라,라과이라
베네수엘라,과나레
베네수엘라,산카를로스
베네수엘라,오코마레델투이
베네수엘라,알타그라시아데오리투코
베네수엘라,소코포
베네수엘라,구아이카이푸로
베네수엘라,바르네아
베네수엘라,사우아렐
베네수엘라,아라과
베네수엘라,바예델투이
베네수엘라,베나카로
베네수엘라,라프리아
베네수엘라,아푸레
베네수엘라,쿠마나
베네수엘라,과야나
베네수엘라,카리파
베네수엘라,칼라보조
베네수엘라,보카델토코로
베네수엘라,엘삼브르
베네수엘라,사우아레
베네수엘라,코리
볼리비아,라파스
볼리비아,산타크루즈데라시에라
볼리비아,수크레
볼리비아,코차밤바
볼리비아,엘알토
볼리비아,오루로
볼리비아,타리하
볼리비아,포토시
볼리비아,트리니다드
볼리비아,코비하
볼리비아,몬테로
볼리비아,케차바야
볼리비아,카미리
볼리비아,우유니
볼리비아,야쿠이바
볼리비아,로레토
볼리비아,과야라마린
볼리비아,산이그나시오데벨라스코
볼리비아,산호세데치키토스
볼리비아,라하
볼리비아,자빌라
볼리비아,라구나
볼리비아,마몬
볼리비아,토로토로
볼리비아,바루오
볼리비아,마카레나
볼리비아,소라타
볼리비아,빌라툰아리
볼리비아,산타아나
볼리비아,산호세
볼리비아,샤르아
볼리비아,자피타
볼리비아,사마이파타
볼리비아,엘토로
볼리비아,산마테오
볼리비아,라메르세드
볼리비아,타마린도
볼리비아,포르토수아레즈
볼리비아,포르토퀴조
볼리비아,포르토비에호
볼리비아,코로이코
볼리비아,루레나바케
볼리비아,레예스
볼리비아,과이라
볼리비아,루리베이카
볼리비아,차카리
볼리비아,크루세냐
부탄,팀부
부탄,파로
부탄,펀처링
부탄,왕두에포드랑
부탄,장카르
부탄,트롱사
부탄,밤당
부탄,가사
부탄,타시강
부탄,펨악체링
부탄,삼드럽종카르
부탄,삼치
부탄,다가나
부탄,셰름강
부탄,탐가
부탄,라야
부탄,루나나
부탄,메랑
부탄,쿠르토에
부탄,탁상
부탄,탕치
부탄,첸데비
부탄,몽가르
부탄,솜드루프
부탄,롱덴카르
부탄,톱카
부탄,우라
부탄,칸가르
부탄,신카르
부탄,자카
부탄,살라카
부탄,바르토
부탄,탄강
부탄,키차
부탄,바케이사
부탄,베베나
부탄,카르브지
부탄,젠카
부탄,트랑카
부탄,롱가르
부탄,리모카
부탄,타르마링
부탄,파링카
부탄,삼페카
부탄,첸토카
부탄,마루
부탄,캄지
부탄,렌덴카
불가리아,소피아
불가리아,플로브디프
불가리아,바르나
불가리아,부르가스
불가리아,루세
불가리아,스타라자가라
불가리아,플레벤
불가리아,슬리벤
불가리아,도브리치
불가리아,시미트리
불가리아,샤멘
불가리아,야보르
불가리아,하스코보
불가리아,파자르지크
불가리아,페르니크
불가리아,시리스키
불가리아,키르지알리
불가리아,라즈그라드
불가리아,실리스트라
불가리아,바이코보
불가리아,벨리코타르노보
불가리아,블라고에브그라드
불가리아,가브로보
불가리아,트르고비슈테
불가리아,모스타르
불가리아,쿠발코보
불가리아,카잔루크
불가리아,몽타나
불가리아,비딘
불가리아,카르조리
불가리아,아센오브그라드
불가리아,모믈로브
불가리아,카르로보
불가리아,노바자고라
불가리아,사모코브
불가리아,슬리브니차
불가리아,스베토브라
불가리아,야물크
불가리아,실바
불가리아,카브리차
불가리아,보리소보
불가리아,엘리노벨
불가리아,루코트
불가리아,트라키아
불가리아,이흐틸로프
사우디아라비아,리야드
사우디아라비아,제다
사우디아라비아,메카
사우디아라비아,메디나
사우디아라비아,담맘
사우디아라비아,코바르
사우디아라비아,타이프
사우디아라비아,타부크
사우디아라비아,부라이다
사우디아라비아,하일
사우디아라비아,알아하사
사우디아라비아,알호프
사우디아라비아,나즈란
사우디아라비아,카심
사우디아라비아,아브하
사우디아라비아,알주바일
사우디아라비아,알카르지
사우디아라비아,알카심
사우디아라비아,알바하
사우디아라비아,알쿠나
사우디아라비아,알마디나
사우디아라비아,알카트리프
사우디아라비아,알하프즈
사우디아라비아,알하프르
사우디아라비아,알무지마
사우디아라비아,알라이프
사우디아라비아,알모자히미야
사우디아라비아,알쿨라
사우디아라비아,알다와드미
사우디아라비아,알라마디
사우디아라비아,알카이사
사우디아라비아,알스미르
사우디아라비아,알와지흐
사우디아라비아,알로하야
사우디아라비아,알로메이야
사우디아라비아,알하루르
사우디아라비아,알타이프
사우디아라비아,알보라이다
사우디아라비아,알하마
사우디아라비아,알시하르
사우디아라비아,알하크라
사우디아라비아,알마자미
사우디아라비아,알하야
사우디아라비아,알타마이르
사우디아라비아,알아부르
사우디아라비아,알카이르
수리남,파라마리보
수리남,니커리
수리남,라트리엘
수리남,와게닝겐
수리남,리디
수리남,코라니
수리남,모엥고
수리남,브로코폰도
수리남,코트리크
수리남,자르조에
수리남,그로테크릭
수리남,다모
수리남,플란타게트
수리남,칼레토
수리남,아포라
수리남,마로에네
수리남,마토리
수리남,마포티
수리남,플로레스
수리남,카수마리
수리남,시파리파
수리남,모피
수리남,무로페
수리남,파타몬카
수리남,카이르바
수리남,자카리
수리남,미시오네스
수리남,빌레그
수리남,니콰리
수리남,콰타리
수리남,수쿠리
수리남,와니카
수리남,키리아바
수리남,마라카스
수리남,라즈베리
수리남,자쿠리
수리남,자콰리
수리남,사라마카
수리남,마로니
수리남,바코보
수리남,카포라
수리남,아카리바
수리남,포쿠사리
수리남,바타비스타
수리남,콜라코
수리남,사프리
아랍에미리트,두바이
아랍에미리트,아부다비
아랍에미리트,샤르자
아랍에미리트,알아인
아랍에미리트,아지만
아랍에미리트,라스알카이마
아랍에미리트,우므알카이와인
아랍에미리트,푸자이라
아랍에미리트,카르바
아랍에미리트,칼바
아랍에미리트,디바
아랍에미리트,쿠와이낫
아랍에미리트,알다이드
아랍에미리트,마드힌
아랍에미리트,자발알리
아랍에미리트,알하무라
아랍에미리트,하타
아랍에미리트,알마자즈
아랍에미리트,알부라이미
아랍에미리트,알리와
아랍에미리트,알자지라
아랍에미리트,알쿠자이
아랍에미리트,알바이야
아랍에미리트,알바르샤
아랍에미리트,무라카밧
아랍에미리트,알나흐다
아랍에미리트,알타와힌
아랍에미리트,메자르
아랍에미리트,알카라마
아랍에미리트,알미르파
아랍에미리트,알마크타
아랍에미리트,알자르
아랍에미리트,알라와
아랍에미리트,알마리나
아랍에미리트,알파라이즈
아랍에미리트,알파크라
아랍에미리트,알시람
아랍에미리트,알카스르
아랍에미리트,알아흐람
아랍에미리트,알카자이
아랍에미리트,알라이야
아랍에미리트,알자파라
아랍에미리트,알미나
아랍에미리트,알와르카
아랍에미리트,알모하라크
아랍에미리트,알슈라파
아랍에미리트,알하이르
아랍에미리트,알하마라
아랍에미리트,알와슬
알제리,알제
알제리,오란
알제리,콘스탄틴
알제리,아나바
알제리,바트나
알제리,블리다
알제리,세티프
알제리,바자아르
알제리,바야드
알제리,스키크다
알제리,바라키
알제리,티지우주
알제리,제젤
알제리,베자이아
알제리,알타르프
알제리,부메르데스
알제리,마스카라
알제리,미리아나
알제리,타르프
알제리,라그와트
알제리,소우카라스
알제리,티미문
알제리,아드라르
알제리,보우이라
알제리,우마부아기
알제리,메데아
알제리,티스미실트
알제리,티아르트
알제리,부이라
알제리,쏘우크아라스
알제리,카프이비스
알제리,카파
알제리,카파리나
알제리,엘바야드
알제리,일리지
알제리,티지우수
알제리,아인데프라
알제리,아인테무차
알제리,아인베니안
알제리,브메르데스
알제리,엘우에드
알제리,엘타르프
알제리,자르자이르
알제리,제르자우
알제리,타만라세트
알제리,나마
에콰도르,키토
에콰도르,과야킬
에콰도르,쿠엥카
에콰도르,암바토
에콰도르,마차라
에콰도르,에스메랄다스
에콰도르,로하
에콰도르,리오밤바
에콰도르,라타쿵가
에콰도르,과라anda
에콰도르,바바호요
에콰도르,푸요
에콰도르,오타발로
에콰도르,이바라
에콰도르,치모르조
에콰도르,투쿤
에콰도르,잠보라
에콰도르,팔렌시아
에콰도르,알라우시
에콰도르,페드레갈레스
에콰도르,카르치
에콰도르,술루아가
에콰도르,파스탈로
에콰도르,아타카메스
에콰도르,테나
에콰도르,플라야스
에콰도르,발디비아
에콰도르,엘로야알파로
에콰도르,푸에르토비에호
에콰도르,플라크리오
에콰도르,보야카
에콰도르,파브로
에콰도르,카를로스
에콰도르,페레스
에콰도르,코야코
에콰도르,피코타
에콰도르,밀라그로
에콰도르,파타테
에콰도르,핀야스
에콰도르,마차치
에콰도르,피사르
에콰도르,자코리
에콰도르,라만타
우루과이,몬테비데오
우루과이,살토
우루과이,시우다델라코스타
우루과이,파이산두
우루과이,라스피에드라스
우루과이,리베라
우루과이,말도나도
우루과이,타쿠아렘보
우루과이,멜로
우루과이,메르세데스
우루과이,아틀란티다
우루과이,두라스노
우루과이,플로리다
우루과이,로차
우루과이,산호세데마요
우루과이,벨라유니온
우루과이,리오브랑코
우루과이,카네로네스
우루과이,프라도
우루과이,콜로니아델사크라멘토
우루과이,파소데로스토로스
우루과이,피리포리스
우루과이,산타루시아
우루과이,차르케아다
우루과이,카라스코
우루과이,소리아노
우루과이,벨라비스타
우루과이,라팔로마
우루과이,콜로니아니콜리치
우루과이,팔마레스
우루과이,산그레고리오데폴라니
우루과이,아르티가스
우루과이,옹브레스
우루과이,팔미라
우루과이,피에드라솔라
우루과이,카라스코노르테
우루과이,마르티네스
우루과이,라테후엘라
우루과이,프라도노르테
우루과이,카우수바
카타르,도하
카타르,알와크라
카타르,알코르
카타르,알라이얀
카타르,움살랄
카타르,마디나트슈말
카타르,루와이스
카타르,두카한
카타르,라스라판
카타르,알가라파
카타르,무사이데
카타르,알타이얀
카타르,알힐랄
카타르,알다얀
카타르,알사드
카타르,알마르카
카타르,알하라
카타르,알마시라
카타르,알카부르
카타르,알자히야
카타르,알자푸르
카타르,알자말
카타르,알자다드
카타르,알타니야
카타르,알마샤프
카타르,알무하라크
카타르,알코트
카타르,알우크라이나
카타르,알니에자
카타르,알카라나
카타르,알오크라
카타르,알마타르
카타르,알와하
카타르,알까라르
카타르,알카사르
카타르,알수하일라
카타르,알주마일라
카타르,알아비야트
카타르,알무사일
카타르,알마드하드
카타르,알사미야
카타르,알구와이야
카타르,알타라푸스
카타르,알마르바
카타르,알파라스
카타르,알가프르
카타르,알카티야
카타르,알나스르
탄자니아,도도마
탄자니아,다르에스살람
탄자니아,아루샤
탄자니아,음베야
탄자니아,모로고로
탄자니아,모시
탄자니아,이링가
탄자니아,샤이냐
탄자니아,스움바완가
탄자니아,톤도마
탄자니아,마완자
탄자니아,무완자
탄자니아,키고마
탄자니아,모로골로
탄자니아,탕가
탄자니아,손게아
탄자니아,싱이다
탄자니아,무롱게
탄자니아,루쿼
탄자니아,마사시
탄자니아,모로곤고
탄자니아,코로고웨
탄자니아,바가모요
탄자니아,모로코
탄자니아,키리야
탄자니아,우카라
탄자니아,마쿰비
탄자니아,키고사
탄자니아,피피자
탄자니아,키세나
탄자니아,움베야
탄자니아,루비
탄자니아,카세레
탄자니아,키베하
탄자니아,음토와라
탄자니아,기토
탄자니아,루룽구
탄자니아,카라투
탄자니아,카호라마
탄자니아,음베야도마
탄자니아,음투쿠라
탄자니아,나침바
탄자니아,키쿰비
탄자니아,마케레
탄자니아,우루리
탄자니아,음판다
탄자니아,코로시
튀르키예,샨리우르파
튀르키예,엘라즈
튀르키예,시바스
튀르키예,테키르다
튀르키예,이즈미트
튀르키예,길레순
튀르키예,르즈
튀르키예,아르트빈
튀르키예,이질
튀르키예,무쉬
튀르키예,시르트
튀르키예,하카리
튀르키예,키리클라레리
튀르키예,바르딘
튀르키예,욜로바
파라과이,아순시온
파라과이,시우다드델에스테
파라과이,엔카르나시온
파라과이,루케
파라과이,람바레
파라과이,페르난데스
파라과이,카피아타
파라과이,피라이
파라과이,비야엘리사
파라과이,마리아노로케알론소
파라과이,프란시아
파라과이,이타과
파라과이,에스테팔마레스
파라과이,아레구아
파라과이,리마다비아
파라과이,아요라
파라과이,코로넬오비에도
파라과이,산페드로
파라과이,엔카르나시오네스
파라과이,빌라헤이즈
파라과이,카르멘델파라나
파라과이,코로넬보가도
파라과이,누에바콜롬비아
파라과이,벤자민아세
파라과이,우루타우
파라과이,아마리야
파라과이,페르난도데라모라
파라과이,이스파노
파라과이,프란시스코카바예로알베르티
파라과이,타바라레
파라과이,카아과수
파라과이,이타푸아
파라과이,비야프란카
파라과이,호세파라과요
파라과이,산이그나시오
파라과이,산후안바우티스타
파라과이,바예미
파라과이,호세파라
파라과이,카피타네미
파라과이,이바구아
파라과이,누에바호헨데
